{
  "algorithm": "CBBA",
  "tasks_completed": 29,
  "tasks_expired": 0,
  "tasks_total": 30,
  "reallocation_count": 0,
  "completion_times": [
    18,
    18,
    26,
    26,
    73,
    90,
    90,
    95,
    140,
    200,
    89,
    1,
    39,
    72,
    132,
    1,
    88,
    36,
    69,
    39,
    31,
    84,
    1,
    3,
    29,
    9,
    9,
    5,
    8
  ],
  "battery_per_task": [
    0.1439999999999202,
    0.1439999999999202,
    0.20799999999988472,
    0.20799999999988472,
    0.5839999999996763,
    0.719999999999601,
    0.719999999999601,
    0.7599999999995788,
    1.1199999999993793,
    1.5999999999991132,
    0.7119999999996054,
    0.007999999999995566,
    0.3119999999998271,
    0.5759999999996808,
    1.0559999999994147,
    0.007999999999995566,
    0.7039999999996098,
    0.2879999999998404,
    0.5519999999996941,
    0.3119999999998271,
    0.24799999999986255,
    0.6719999999996276,
    0.007999999999995566,
    0.0239999999999867,
    0.23199999999987142,
    0.0719999999999601,
    0.0719999999999601,
    0.03999999999997783,
    0.06399999999996453
  ],
  "robot_battery_failures": 0,
  "time_lost_reallocation": 0,
  "task_completion_rate_%": 96.67,
  "avg_completion_time_steps": 52.45,
  "avg_battery_per_task_%": 0.42
}