{
  "algorithm": "Greedy",
  "tasks_completed": 29,
  "tasks_expired": 0,
  "tasks_total": 30,
  "reallocation_count": 0,
  "completion_times": [
    18,
    18,
    26,
    26,
    73,
    90,
    90,
    140,
    241,
    258,
    31,
    31,
    31,
    1,
    105,
    92,
    20,
    30,
    1,
    12,
    4,
    20,
    4,
    119,
    47,
    100,
    108,
    20,
    76
  ],
  "battery_per_task": [
    0.1439999999999202,
    0.1439999999999202,
    0.20799999999988472,
    0.20799999999988472,
    0.5839999999996763,
    0.719999999999601,
    0.719999999999601,
    1.1199999999993793,
    1.9279999999989315,
    2.063999999998856,
    0.24799999999986255,
    0.24799999999986255,
    0.24799999999986255,
    0.007999999999995566,
    0.8399999999995345,
    0.7359999999995921,
    0.15999999999991132,
    0.239999999999867,
    0.007999999999995566,
    0.0959999999999468,
    0.031999999999982265,
    0.15999999999991132,
    0.031999999999982265,
    0.9519999999994724,
    0.3759999999997916,
    0.7999999999995566,
    0.8639999999995212,
    0.15999999999991132,
    0.607999999999663
  ],
  "robot_battery_failures": 0,
  "time_lost_reallocation": 0,
  "task_completion_rate_%": 96.67,
  "avg_completion_time_steps": 63.17,
  "avg_battery_per_task_%": 0.51
}